zKCr6uDlq1o,AXgfeV568c8
zKCr6uDlq1o,DoNqOcmlg9c
zKCr6uDlq1o,FE3RZsnn2Mo
zKCr6uDlq1o,PpB5D5yI1QY
zKCr6uDlq1o,OPqJv609aIc
zKCr6uDlq1o,hfmK6Oc0QlU
zKCr6uDlq1o,MKrhoMK7Mn0
zKCr6uDlq1o,hScleoVj0pw
AXgfeV568c8,DoNqOcmlg9c
AXgfeV568c8,FE3RZsnn2Mo
AXgfeV568c8,PpB5D5yI1QY
AXgfeV568c8,OPqJv609aIc
AXgfeV568c8,hfmK6Oc0QlU
AXgfeV568c8,MKrhoMK7Mn0
AXgfeV568c8,hScleoVj0pw
DoNqOcmlg9c,FE3RZsnn2Mo
DoNqOcmlg9c,PpB5D5yI1QY
DoNqOcmlg9c,OPqJv609aIc
DoNqOcmlg9c,hfmK6Oc0QlU
DoNqOcmlg9c,MKrhoMK7Mn0
DoNqOcmlg9c,hScleoVj0pw
FE3RZsnn2Mo,PpB5D5yI1QY
FE3RZsnn2Mo,OPqJv609aIc
FE3RZsnn2Mo,hfmK6Oc0QlU
FE3RZsnn2Mo,MKrhoMK7Mn0
FE3RZsnn2Mo,hScleoVj0pw
PpB5D5yI1QY,OPqJv609aIc
PpB5D5yI1QY,hfmK6Oc0QlU
PpB5D5yI1QY,MKrhoMK7Mn0
PpB5D5yI1QY,hScleoVj0pw
OPqJv609aIc,hfmK6Oc0QlU
OPqJv609aIc,MKrhoMK7Mn0
OPqJv609aIc,hScleoVj0pw
hfmK6Oc0QlU,MKrhoMK7Mn0
hfmK6Oc0QlU,hScleoVj0pw
MKrhoMK7Mn0,hScleoVj0pw
uc9QZgWle8U,VA4kWwJc9Uo
uc9QZgWle8U,Km45DNEa9mI
uc9QZgWle8U,BnIlVgZbqV0
uc9QZgWle8U,b3OPl5wS4AQ
uc9QZgWle8U,YSr5zmVqZLI
uc9QZgWle8U,CNu5RDittrE
uc9QZgWle8U,GQvNv9uhmbw
VA4kWwJc9Uo,Km45DNEa9mI
VA4kWwJc9Uo,BnIlVgZbqV0
VA4kWwJc9Uo,b3OPl5wS4AQ
VA4kWwJc9Uo,YSr5zmVqZLI
VA4kWwJc9Uo,CNu5RDittrE
VA4kWwJc9Uo,GQvNv9uhmbw
Km45DNEa9mI,BnIlVgZbqV0
Km45DNEa9mI,b3OPl5wS4AQ
Km45DNEa9mI,YSr5zmVqZLI
Km45DNEa9mI,CNu5RDittrE
Km45DNEa9mI,GQvNv9uhmbw
BnIlVgZbqV0,b3OPl5wS4AQ
BnIlVgZbqV0,YSr5zmVqZLI
BnIlVgZbqV0,CNu5RDittrE
BnIlVgZbqV0,GQvNv9uhmbw
b3OPl5wS4AQ,YSr5zmVqZLI
b3OPl5wS4AQ,CNu5RDittrE
b3OPl5wS4AQ,GQvNv9uhmbw
YSr5zmVqZLI,CNu5RDittrE
YSr5zmVqZLI,GQvNv9uhmbw
CNu5RDittrE,GQvNv9uhmbw
PfCkp4X2gV0,m_Eu74e9S_A
PfCkp4X2gV0,6vcdaVuTDT0
PfCkp4X2gV0,9LHTQsDspjE
PfCkp4X2gV0,h9CxARIB8gY
PfCkp4X2gV0,OI4cYnHCHu4
PfCkp4X2gV0,nRu270DVdTY
m_Eu74e9S_A,6vcdaVuTDT0
m_Eu74e9S_A,9LHTQsDspjE
m_Eu74e9S_A,h9CxARIB8gY
m_Eu74e9S_A,OI4cYnHCHu4
m_Eu74e9S_A,nRu270DVdTY
6vcdaVuTDT0,9LHTQsDspjE
6vcdaVuTDT0,h9CxARIB8gY
6vcdaVuTDT0,OI4cYnHCHu4
6vcdaVuTDT0,nRu270DVdTY
9LHTQsDspjE,h9CxARIB8gY
9LHTQsDspjE,OI4cYnHCHu4
9LHTQsDspjE,nRu270DVdTY
h9CxARIB8gY,OI4cYnHCHu4
h9CxARIB8gY,nRu270DVdTY
OI4cYnHCHu4,nRu270DVdTY
VyeLZQ7cZmI,z2yqmHClVO8
VyeLZQ7cZmI,BA1rnEMBjjQ
VyeLZQ7cZmI,pGT6iJ_z5Vs
VyeLZQ7cZmI,fH4zUvUVXn8
VyeLZQ7cZmI,gkEJmMFKtzE
VyeLZQ7cZmI,d0OxV2rA398
VyeLZQ7cZmI,xs7M3wmoGUc
VyeLZQ7cZmI,cNsHV9rsCzE
VyeLZQ7cZmI,PoqDab1JhZY
VyeLZQ7cZmI,hY6lydCMQB0
VyeLZQ7cZmI,SWs4P1VlBbQ
z2yqmHClVO8,BA1rnEMBjjQ
z2yqmHClVO8,pGT6iJ_z5Vs
z2yqmHClVO8,fH4zUvUVXn8
z2yqmHClVO8,gkEJmMFKtzE
z2yqmHClVO8,d0OxV2rA398
z2yqmHClVO8,xs7M3wmoGUc
z2yqmHClVO8,cNsHV9rsCzE
z2yqmHClVO8,PoqDab1JhZY
z2yqmHClVO8,hY6lydCMQB0
z2yqmHClVO8,SWs4P1VlBbQ
BA1rnEMBjjQ,pGT6iJ_z5Vs
BA1rnEMBjjQ,fH4zUvUVXn8
BA1rnEMBjjQ,gkEJmMFKtzE
BA1rnEMBjjQ,d0OxV2rA398
BA1rnEMBjjQ,xs7M3wmoGUc
BA1rnEMBjjQ,cNsHV9rsCzE
BA1rnEMBjjQ,PoqDab1JhZY
BA1rnEMBjjQ,hY6lydCMQB0
BA1rnEMBjjQ,SWs4P1VlBbQ
pGT6iJ_z5Vs,fH4zUvUVXn8
pGT6iJ_z5Vs,gkEJmMFKtzE
pGT6iJ_z5Vs,d0OxV2rA398
pGT6iJ_z5Vs,xs7M3wmoGUc
pGT6iJ_z5Vs,cNsHV9rsCzE
pGT6iJ_z5Vs,PoqDab1JhZY
pGT6iJ_z5Vs,hY6lydCMQB0
pGT6iJ_z5Vs,SWs4P1VlBbQ
fH4zUvUVXn8,gkEJmMFKtzE
fH4zUvUVXn8,d0OxV2rA398
fH4zUvUVXn8,xs7M3wmoGUc
fH4zUvUVXn8,cNsHV9rsCzE
fH4zUvUVXn8,PoqDab1JhZY
fH4zUvUVXn8,hY6lydCMQB0
fH4zUvUVXn8,SWs4P1VlBbQ
gkEJmMFKtzE,d0OxV2rA398
gkEJmMFKtzE,xs7M3wmoGUc
gkEJmMFKtzE,cNsHV9rsCzE
gkEJmMFKtzE,PoqDab1JhZY
gkEJmMFKtzE,hY6lydCMQB0
gkEJmMFKtzE,SWs4P1VlBbQ
d0OxV2rA398,xs7M3wmoGUc
d0OxV2rA398,cNsHV9rsCzE
d0OxV2rA398,PoqDab1JhZY
d0OxV2rA398,hY6lydCMQB0
d0OxV2rA398,SWs4P1VlBbQ
xs7M3wmoGUc,cNsHV9rsCzE
xs7M3wmoGUc,PoqDab1JhZY
xs7M3wmoGUc,hY6lydCMQB0
xs7M3wmoGUc,SWs4P1VlBbQ
cNsHV9rsCzE,PoqDab1JhZY
cNsHV9rsCzE,hY6lydCMQB0
cNsHV9rsCzE,SWs4P1VlBbQ
PoqDab1JhZY,hY6lydCMQB0
PoqDab1JhZY,SWs4P1VlBbQ
hY6lydCMQB0,SWs4P1VlBbQ
MViI7GPG9xo,7LGmUi3xS0I
MViI7GPG9xo,94evBUo8EiE
MViI7GPG9xo,GxSCRLF37z4
MViI7GPG9xo,o0MyjvrqdiQ
MViI7GPG9xo,4Vy_bq1oWyg
MViI7GPG9xo,8j4Z0IrS96Q
MViI7GPG9xo,CeOV_tVo970
MViI7GPG9xo,3LqwxAbOXpM
MViI7GPG9xo,0IgOapAtauM
MViI7GPG9xo,KTn2LVhQmf0
MViI7GPG9xo,OkncKzflw8I
7LGmUi3xS0I,94evBUo8EiE
7LGmUi3xS0I,GxSCRLF37z4
7LGmUi3xS0I,o0MyjvrqdiQ
7LGmUi3xS0I,4Vy_bq1oWyg
7LGmUi3xS0I,8j4Z0IrS96Q
7LGmUi3xS0I,CeOV_tVo970
7LGmUi3xS0I,3LqwxAbOXpM
7LGmUi3xS0I,0IgOapAtauM
7LGmUi3xS0I,KTn2LVhQmf0
7LGmUi3xS0I,OkncKzflw8I
94evBUo8EiE,GxSCRLF37z4
94evBUo8EiE,o0MyjvrqdiQ
94evBUo8EiE,4Vy_bq1oWyg
94evBUo8EiE,8j4Z0IrS96Q
94evBUo8EiE,CeOV_tVo970
94evBUo8EiE,3LqwxAbOXpM
94evBUo8EiE,0IgOapAtauM
94evBUo8EiE,KTn2LVhQmf0
94evBUo8EiE,OkncKzflw8I
GxSCRLF37z4,o0MyjvrqdiQ
GxSCRLF37z4,4Vy_bq1oWyg
GxSCRLF37z4,8j4Z0IrS96Q
GxSCRLF37z4,CeOV_tVo970
GxSCRLF37z4,3LqwxAbOXpM
GxSCRLF37z4,0IgOapAtauM
GxSCRLF37z4,KTn2LVhQmf0
GxSCRLF37z4,OkncKzflw8I
o0MyjvrqdiQ,4Vy_bq1oWyg
o0MyjvrqdiQ,8j4Z0IrS96Q
o0MyjvrqdiQ,CeOV_tVo970
o0MyjvrqdiQ,3LqwxAbOXpM
o0MyjvrqdiQ,0IgOapAtauM
o0MyjvrqdiQ,KTn2LVhQmf0
o0MyjvrqdiQ,OkncKzflw8I
4Vy_bq1oWyg,8j4Z0IrS96Q
4Vy_bq1oWyg,CeOV_tVo970
4Vy_bq1oWyg,3LqwxAbOXpM
4Vy_bq1oWyg,0IgOapAtauM
4Vy_bq1oWyg,KTn2LVhQmf0
4Vy_bq1oWyg,OkncKzflw8I
8j4Z0IrS96Q,CeOV_tVo970
8j4Z0IrS96Q,3LqwxAbOXpM
8j4Z0IrS96Q,0IgOapAtauM
8j4Z0IrS96Q,KTn2LVhQmf0
8j4Z0IrS96Q,OkncKzflw8I
CeOV_tVo970,3LqwxAbOXpM
CeOV_tVo970,0IgOapAtauM
CeOV_tVo970,KTn2LVhQmf0
CeOV_tVo970,OkncKzflw8I
3LqwxAbOXpM,0IgOapAtauM
3LqwxAbOXpM,KTn2LVhQmf0
3LqwxAbOXpM,OkncKzflw8I
0IgOapAtauM,KTn2LVhQmf0
0IgOapAtauM,OkncKzflw8I
KTn2LVhQmf0,OkncKzflw8I
L2oWDL3Msaw,BF_ngWfgv3g
L2oWDL3Msaw,LQHKz1jcARY
L2oWDL3Msaw,xZpyjp5IVo0
BF_ngWfgv3g,LQHKz1jcARY
BF_ngWfgv3g,xZpyjp5IVo0
LQHKz1jcARY,xZpyjp5IVo0
QEtWL4lWlL4,omuyzDmNaf4
QEtWL4lWlL4,cP1fN6xf3nI
QEtWL4lWlL4,ELp9ytLjupE
QEtWL4lWlL4,TNIaPKDu678
QEtWL4lWlL4,OAOGY8wZOjI
QEtWL4lWlL4,vS0khTah3zU
QEtWL4lWlL4,xKJjyn8DaAw
QEtWL4lWlL4,8NcBcsIdPSA
omuyzDmNaf4,cP1fN6xf3nI
omuyzDmNaf4,ELp9ytLjupE
omuyzDmNaf4,TNIaPKDu678
omuyzDmNaf4,OAOGY8wZOjI
omuyzDmNaf4,vS0khTah3zU
omuyzDmNaf4,xKJjyn8DaAw
omuyzDmNaf4,8NcBcsIdPSA
cP1fN6xf3nI,ELp9ytLjupE
cP1fN6xf3nI,TNIaPKDu678
cP1fN6xf3nI,OAOGY8wZOjI
cP1fN6xf3nI,vS0khTah3zU
cP1fN6xf3nI,xKJjyn8DaAw
cP1fN6xf3nI,8NcBcsIdPSA
ELp9ytLjupE,TNIaPKDu678
ELp9ytLjupE,OAOGY8wZOjI
ELp9ytLjupE,vS0khTah3zU
ELp9ytLjupE,xKJjyn8DaAw
ELp9ytLjupE,8NcBcsIdPSA
TNIaPKDu678,OAOGY8wZOjI
TNIaPKDu678,vS0khTah3zU
TNIaPKDu678,xKJjyn8DaAw
TNIaPKDu678,8NcBcsIdPSA
OAOGY8wZOjI,vS0khTah3zU
OAOGY8wZOjI,xKJjyn8DaAw
OAOGY8wZOjI,8NcBcsIdPSA
vS0khTah3zU,xKJjyn8DaAw
vS0khTah3zU,8NcBcsIdPSA
xKJjyn8DaAw,8NcBcsIdPSA
S47aSEqm_0I,YZ6ij0EUmKY
S47aSEqm_0I,AKOWGChr9iA
S47aSEqm_0I,rgf5vvhw0Vo
S47aSEqm_0I,c3OLRBt8TI4
S47aSEqm_0I,bLzn6RhSb6I
S47aSEqm_0I,AOnQvbPbP4g
YZ6ij0EUmKY,AKOWGChr9iA
YZ6ij0EUmKY,rgf5vvhw0Vo
YZ6ij0EUmKY,c3OLRBt8TI4
YZ6ij0EUmKY,bLzn6RhSb6I
YZ6ij0EUmKY,AOnQvbPbP4g
AKOWGChr9iA,rgf5vvhw0Vo
AKOWGChr9iA,c3OLRBt8TI4
AKOWGChr9iA,bLzn6RhSb6I
AKOWGChr9iA,AOnQvbPbP4g
rgf5vvhw0Vo,c3OLRBt8TI4
rgf5vvhw0Vo,bLzn6RhSb6I
rgf5vvhw0Vo,AOnQvbPbP4g
c3OLRBt8TI4,bLzn6RhSb6I
c3OLRBt8TI4,AOnQvbPbP4g
bLzn6RhSb6I,AOnQvbPbP4g
AN5I6fFxyfs,krsvQHIGhvc
AN5I6fFxyfs,y3CtaMFMxjc
AN5I6fFxyfs,mabRepmXLGA
AN5I6fFxyfs,fJaPlsVIzio
AN5I6fFxyfs,0HUU612UuXI
AN5I6fFxyfs,5pwc2DYlKQU
AN5I6fFxyfs,IBL9MqvpPlM
AN5I6fFxyfs,CJQ9qrFo5ko
krsvQHIGhvc,y3CtaMFMxjc
krsvQHIGhvc,mabRepmXLGA
krsvQHIGhvc,fJaPlsVIzio
krsvQHIGhvc,0HUU612UuXI
krsvQHIGhvc,5pwc2DYlKQU
krsvQHIGhvc,IBL9MqvpPlM
krsvQHIGhvc,CJQ9qrFo5ko
y3CtaMFMxjc,mabRepmXLGA
y3CtaMFMxjc,fJaPlsVIzio
y3CtaMFMxjc,0HUU612UuXI
y3CtaMFMxjc,5pwc2DYlKQU
y3CtaMFMxjc,IBL9MqvpPlM
y3CtaMFMxjc,CJQ9qrFo5ko
mabRepmXLGA,fJaPlsVIzio
mabRepmXLGA,0HUU612UuXI
mabRepmXLGA,5pwc2DYlKQU
mabRepmXLGA,IBL9MqvpPlM
mabRepmXLGA,CJQ9qrFo5ko
fJaPlsVIzio,0HUU612UuXI
fJaPlsVIzio,5pwc2DYlKQU
fJaPlsVIzio,IBL9MqvpPlM
fJaPlsVIzio,CJQ9qrFo5ko
0HUU612UuXI,5pwc2DYlKQU
0HUU612UuXI,IBL9MqvpPlM
0HUU612UuXI,CJQ9qrFo5ko
5pwc2DYlKQU,IBL9MqvpPlM
5pwc2DYlKQU,CJQ9qrFo5ko
IBL9MqvpPlM,CJQ9qrFo5ko
umRDw1LLjJM,_i4wxceXNsI
umRDw1LLjJM,s7u6Ti1MrmU
umRDw1LLjJM,86gQZEJIjHw
umRDw1LLjJM,vEy54Wq4Nrw
_i4wxceXNsI,s7u6Ti1MrmU
_i4wxceXNsI,86gQZEJIjHw
_i4wxceXNsI,vEy54Wq4Nrw
s7u6Ti1MrmU,86gQZEJIjHw
s7u6Ti1MrmU,vEy54Wq4Nrw
86gQZEJIjHw,vEy54Wq4Nrw
BmayUdDaDYM,tORLeHHtazM
BmayUdDaDYM,mRGQylRWAsI
BmayUdDaDYM,TbvhGcf6UJU
BmayUdDaDYM,JRsN4Oz36QU
BmayUdDaDYM,5wRPin4oxCo
BmayUdDaDYM,cR4rxllyiCs
BmayUdDaDYM,ng1oliu806U
BmayUdDaDYM,R36g6qit1bE
tORLeHHtazM,mRGQylRWAsI
tORLeHHtazM,TbvhGcf6UJU
tORLeHHtazM,JRsN4Oz36QU
tORLeHHtazM,5wRPin4oxCo
tORLeHHtazM,cR4rxllyiCs
tORLeHHtazM,ng1oliu806U
tORLeHHtazM,R36g6qit1bE
mRGQylRWAsI,TbvhGcf6UJU
mRGQylRWAsI,JRsN4Oz36QU
mRGQylRWAsI,5wRPin4oxCo
mRGQylRWAsI,cR4rxllyiCs
mRGQylRWAsI,ng1oliu806U
mRGQylRWAsI,R36g6qit1bE
TbvhGcf6UJU,JRsN4Oz36QU
TbvhGcf6UJU,5wRPin4oxCo
TbvhGcf6UJU,cR4rxllyiCs
TbvhGcf6UJU,ng1oliu806U
TbvhGcf6UJU,R36g6qit1bE
JRsN4Oz36QU,5wRPin4oxCo
JRsN4Oz36QU,cR4rxllyiCs
JRsN4Oz36QU,ng1oliu806U
JRsN4Oz36QU,R36g6qit1bE
5wRPin4oxCo,cR4rxllyiCs
5wRPin4oxCo,ng1oliu806U
5wRPin4oxCo,R36g6qit1bE
cR4rxllyiCs,ng1oliu806U
cR4rxllyiCs,R36g6qit1bE
ng1oliu806U,R36g6qit1bE
fV2k2ivttL0,d39tTuUbDVw
fV2k2ivttL0,ZJLWP103fKw
fV2k2ivttL0,pW1kbWljsAk
fV2k2ivttL0,yE8oCPmKX0I
fV2k2ivttL0,764m9ESzLvw
fV2k2ivttL0,rs84dWPEFGU
fV2k2ivttL0,ySTr4TO3IiU
fV2k2ivttL0,qC2hHLlxqPY
fV2k2ivttL0,GiBG9_6w3hw
d39tTuUbDVw,ZJLWP103fKw
d39tTuUbDVw,pW1kbWljsAk
d39tTuUbDVw,yE8oCPmKX0I
d39tTuUbDVw,764m9ESzLvw
d39tTuUbDVw,rs84dWPEFGU
d39tTuUbDVw,ySTr4TO3IiU
d39tTuUbDVw,qC2hHLlxqPY
d39tTuUbDVw,GiBG9_6w3hw
ZJLWP103fKw,pW1kbWljsAk
ZJLWP103fKw,yE8oCPmKX0I
ZJLWP103fKw,764m9ESzLvw
ZJLWP103fKw,rs84dWPEFGU
ZJLWP103fKw,ySTr4TO3IiU
ZJLWP103fKw,qC2hHLlxqPY
ZJLWP103fKw,GiBG9_6w3hw
pW1kbWljsAk,yE8oCPmKX0I
pW1kbWljsAk,764m9ESzLvw
pW1kbWljsAk,rs84dWPEFGU
pW1kbWljsAk,ySTr4TO3IiU
pW1kbWljsAk,qC2hHLlxqPY
pW1kbWljsAk,GiBG9_6w3hw
yE8oCPmKX0I,764m9ESzLvw
yE8oCPmKX0I,rs84dWPEFGU
yE8oCPmKX0I,ySTr4TO3IiU
yE8oCPmKX0I,qC2hHLlxqPY
yE8oCPmKX0I,GiBG9_6w3hw
764m9ESzLvw,rs84dWPEFGU
764m9ESzLvw,ySTr4TO3IiU
764m9ESzLvw,qC2hHLlxqPY
764m9ESzLvw,GiBG9_6w3hw
rs84dWPEFGU,ySTr4TO3IiU
rs84dWPEFGU,qC2hHLlxqPY
rs84dWPEFGU,GiBG9_6w3hw
ySTr4TO3IiU,qC2hHLlxqPY
ySTr4TO3IiU,GiBG9_6w3hw
qC2hHLlxqPY,GiBG9_6w3hw
TS2odp6rQHU,Um0v5t8jjcQ
TS2odp6rQHU,RkAE4zE4uSE
TS2odp6rQHU,Kn5ipjXJvpQ
TS2odp6rQHU,03fhijH6e2w
TS2odp6rQHU,yhVLhoN5_vE
TS2odp6rQHU,TWI19UruijI
TS2odp6rQHU,RlQYb3FZtQ8
TS2odp6rQHU,dBeyFiabVIk
TS2odp6rQHU,cIlKSD8ptAk
TS2odp6rQHU,myVbSSyZtr4
Um0v5t8jjcQ,RkAE4zE4uSE
Um0v5t8jjcQ,Kn5ipjXJvpQ
Um0v5t8jjcQ,03fhijH6e2w
Um0v5t8jjcQ,yhVLhoN5_vE
Um0v5t8jjcQ,TWI19UruijI
Um0v5t8jjcQ,RlQYb3FZtQ8
Um0v5t8jjcQ,dBeyFiabVIk
Um0v5t8jjcQ,cIlKSD8ptAk
Um0v5t8jjcQ,myVbSSyZtr4
RkAE4zE4uSE,Kn5ipjXJvpQ
RkAE4zE4uSE,03fhijH6e2w
RkAE4zE4uSE,yhVLhoN5_vE
RkAE4zE4uSE,TWI19UruijI
RkAE4zE4uSE,RlQYb3FZtQ8
RkAE4zE4uSE,dBeyFiabVIk
RkAE4zE4uSE,cIlKSD8ptAk
RkAE4zE4uSE,myVbSSyZtr4
Kn5ipjXJvpQ,03fhijH6e2w
Kn5ipjXJvpQ,yhVLhoN5_vE
Kn5ipjXJvpQ,TWI19UruijI
Kn5ipjXJvpQ,RlQYb3FZtQ8
Kn5ipjXJvpQ,dBeyFiabVIk
Kn5ipjXJvpQ,cIlKSD8ptAk
Kn5ipjXJvpQ,myVbSSyZtr4
03fhijH6e2w,yhVLhoN5_vE
03fhijH6e2w,TWI19UruijI
03fhijH6e2w,RlQYb3FZtQ8
03fhijH6e2w,dBeyFiabVIk
03fhijH6e2w,cIlKSD8ptAk
03fhijH6e2w,myVbSSyZtr4
yhVLhoN5_vE,TWI19UruijI
yhVLhoN5_vE,RlQYb3FZtQ8
yhVLhoN5_vE,dBeyFiabVIk
yhVLhoN5_vE,cIlKSD8ptAk
yhVLhoN5_vE,myVbSSyZtr4
TWI19UruijI,RlQYb3FZtQ8
TWI19UruijI,dBeyFiabVIk
TWI19UruijI,cIlKSD8ptAk
TWI19UruijI,myVbSSyZtr4
RlQYb3FZtQ8,dBeyFiabVIk
RlQYb3FZtQ8,cIlKSD8ptAk
RlQYb3FZtQ8,myVbSSyZtr4
dBeyFiabVIk,cIlKSD8ptAk
dBeyFiabVIk,myVbSSyZtr4
cIlKSD8ptAk,myVbSSyZtr4
VSA_zJVDuWk,TVYgu5tXlX4
VSA_zJVDuWk,QnyLvrVbpTE
VSA_zJVDuWk,q6VbIk4ELAA
VSA_zJVDuWk,Ptds1GWxfFM
VSA_zJVDuWk,ZPPjW4mqI8I
VSA_zJVDuWk,ikSbPwwjpKw
TVYgu5tXlX4,QnyLvrVbpTE
TVYgu5tXlX4,q6VbIk4ELAA
TVYgu5tXlX4,Ptds1GWxfFM
TVYgu5tXlX4,ZPPjW4mqI8I
TVYgu5tXlX4,ikSbPwwjpKw
QnyLvrVbpTE,q6VbIk4ELAA
QnyLvrVbpTE,Ptds1GWxfFM
QnyLvrVbpTE,ZPPjW4mqI8I
QnyLvrVbpTE,ikSbPwwjpKw
q6VbIk4ELAA,Ptds1GWxfFM
q6VbIk4ELAA,ZPPjW4mqI8I
q6VbIk4ELAA,ikSbPwwjpKw
Ptds1GWxfFM,ZPPjW4mqI8I
Ptds1GWxfFM,ikSbPwwjpKw
ZPPjW4mqI8I,ikSbPwwjpKw
IRbggk6J0TA,kubJIJMOS8I
IRbggk6J0TA,oFOPRPufisk
IRbggk6J0TA,OBp8klRZdDw
IRbggk6J0TA,VmnzH3GZiKw
IRbggk6J0TA,BM24sU2Xm7w
IRbggk6J0TA,XRaDIbBAb98
IRbggk6J0TA,ZD3Ai0BHYAQ
kubJIJMOS8I,oFOPRPufisk
kubJIJMOS8I,OBp8klRZdDw
kubJIJMOS8I,VmnzH3GZiKw
kubJIJMOS8I,BM24sU2Xm7w
kubJIJMOS8I,XRaDIbBAb98
kubJIJMOS8I,ZD3Ai0BHYAQ
oFOPRPufisk,OBp8klRZdDw
oFOPRPufisk,VmnzH3GZiKw
oFOPRPufisk,BM24sU2Xm7w
oFOPRPufisk,XRaDIbBAb98
oFOPRPufisk,ZD3Ai0BHYAQ
OBp8klRZdDw,VmnzH3GZiKw
OBp8klRZdDw,BM24sU2Xm7w
OBp8klRZdDw,XRaDIbBAb98
OBp8klRZdDw,ZD3Ai0BHYAQ
VmnzH3GZiKw,BM24sU2Xm7w
VmnzH3GZiKw,XRaDIbBAb98
VmnzH3GZiKw,ZD3Ai0BHYAQ
BM24sU2Xm7w,XRaDIbBAb98
BM24sU2Xm7w,ZD3Ai0BHYAQ
XRaDIbBAb98,ZD3Ai0BHYAQ
LRGpZI_qPSk,9aZ9k_JjYGY
LRGpZI_qPSk,pnunzdvezto
LRGpZI_qPSk,wbp5DDSCrUw
LRGpZI_qPSk,RR6Ben6qVnE
9aZ9k_JjYGY,pnunzdvezto
9aZ9k_JjYGY,wbp5DDSCrUw
9aZ9k_JjYGY,RR6Ben6qVnE
pnunzdvezto,wbp5DDSCrUw
pnunzdvezto,RR6Ben6qVnE
wbp5DDSCrUw,RR6Ben6qVnE
V4mP2pQyou0,lZJI_Fth66A
V4mP2pQyou0,k2ajK9uM0Co
V4mP2pQyou0,ky17zbYo4Rw
V4mP2pQyou0,5uic4Y2T9mU
V4mP2pQyou0,Pu_ZzCKw1VQ
V4mP2pQyou0,F41ED0tK4TA
V4mP2pQyou0,rFqsuq66Gtc
V4mP2pQyou0,cO5KrmSwhl4
V4mP2pQyou0,lNkhfuLjK3s
V4mP2pQyou0,Ejpxgrv_9n8
V4mP2pQyou0,jqhQx9U9kok
V4mP2pQyou0,QQHlZGDpVyA
V4mP2pQyou0,cqmJoI4QwYg
lZJI_Fth66A,k2ajK9uM0Co
lZJI_Fth66A,ky17zbYo4Rw
lZJI_Fth66A,5uic4Y2T9mU
lZJI_Fth66A,Pu_ZzCKw1VQ
lZJI_Fth66A,F41ED0tK4TA
lZJI_Fth66A,rFqsuq66Gtc
lZJI_Fth66A,cO5KrmSwhl4
lZJI_Fth66A,lNkhfuLjK3s
lZJI_Fth66A,Ejpxgrv_9n8
lZJI_Fth66A,jqhQx9U9kok
lZJI_Fth66A,QQHlZGDpVyA
lZJI_Fth66A,cqmJoI4QwYg
k2ajK9uM0Co,ky17zbYo4Rw
k2ajK9uM0Co,5uic4Y2T9mU
k2ajK9uM0Co,Pu_ZzCKw1VQ
k2ajK9uM0Co,F41ED0tK4TA
k2ajK9uM0Co,rFqsuq66Gtc
k2ajK9uM0Co,cO5KrmSwhl4
k2ajK9uM0Co,lNkhfuLjK3s
k2ajK9uM0Co,Ejpxgrv_9n8
k2ajK9uM0Co,jqhQx9U9kok
k2ajK9uM0Co,QQHlZGDpVyA
k2ajK9uM0Co,cqmJoI4QwYg
ky17zbYo4Rw,5uic4Y2T9mU
ky17zbYo4Rw,Pu_ZzCKw1VQ
ky17zbYo4Rw,F41ED0tK4TA
ky17zbYo4Rw,rFqsuq66Gtc
ky17zbYo4Rw,cO5KrmSwhl4
ky17zbYo4Rw,lNkhfuLjK3s
ky17zbYo4Rw,Ejpxgrv_9n8
ky17zbYo4Rw,jqhQx9U9kok
ky17zbYo4Rw,QQHlZGDpVyA
ky17zbYo4Rw,cqmJoI4QwYg
5uic4Y2T9mU,Pu_ZzCKw1VQ
5uic4Y2T9mU,F41ED0tK4TA
5uic4Y2T9mU,rFqsuq66Gtc
5uic4Y2T9mU,cO5KrmSwhl4
5uic4Y2T9mU,lNkhfuLjK3s
5uic4Y2T9mU,Ejpxgrv_9n8
5uic4Y2T9mU,jqhQx9U9kok
5uic4Y2T9mU,QQHlZGDpVyA
5uic4Y2T9mU,cqmJoI4QwYg
Pu_ZzCKw1VQ,F41ED0tK4TA
Pu_ZzCKw1VQ,rFqsuq66Gtc
Pu_ZzCKw1VQ,cO5KrmSwhl4
Pu_ZzCKw1VQ,lNkhfuLjK3s
Pu_ZzCKw1VQ,Ejpxgrv_9n8
Pu_ZzCKw1VQ,jqhQx9U9kok
Pu_ZzCKw1VQ,QQHlZGDpVyA
Pu_ZzCKw1VQ,cqmJoI4QwYg
F41ED0tK4TA,rFqsuq66Gtc
F41ED0tK4TA,cO5KrmSwhl4
F41ED0tK4TA,lNkhfuLjK3s
F41ED0tK4TA,Ejpxgrv_9n8
F41ED0tK4TA,jqhQx9U9kok
F41ED0tK4TA,QQHlZGDpVyA
F41ED0tK4TA,cqmJoI4QwYg
rFqsuq66Gtc,cO5KrmSwhl4
rFqsuq66Gtc,lNkhfuLjK3s
rFqsuq66Gtc,Ejpxgrv_9n8
rFqsuq66Gtc,jqhQx9U9kok
rFqsuq66Gtc,QQHlZGDpVyA
rFqsuq66Gtc,cqmJoI4QwYg
cO5KrmSwhl4,lNkhfuLjK3s
cO5KrmSwhl4,Ejpxgrv_9n8
cO5KrmSwhl4,jqhQx9U9kok
cO5KrmSwhl4,QQHlZGDpVyA
cO5KrmSwhl4,cqmJoI4QwYg
lNkhfuLjK3s,Ejpxgrv_9n8
lNkhfuLjK3s,jqhQx9U9kok
lNkhfuLjK3s,QQHlZGDpVyA
lNkhfuLjK3s,cqmJoI4QwYg
Ejpxgrv_9n8,jqhQx9U9kok
Ejpxgrv_9n8,QQHlZGDpVyA
Ejpxgrv_9n8,cqmJoI4QwYg
jqhQx9U9kok,QQHlZGDpVyA
jqhQx9U9kok,cqmJoI4QwYg
QQHlZGDpVyA,cqmJoI4QwYg
LJpwQ2da8ss,vu6eLFmrwaA
LJpwQ2da8ss,YGnJyipLKrM
LJpwQ2da8ss,_Pvu1599vFU
LJpwQ2da8ss,jK5Mh6d9HiE
LJpwQ2da8ss,CnCFj4o_e9Q
LJpwQ2da8ss,LHgp0w8wV78
LJpwQ2da8ss,hVPDals5HDE
LJpwQ2da8ss,mzfVimVbguQ
LJpwQ2da8ss,mb5wV4AqXso
vu6eLFmrwaA,YGnJyipLKrM
vu6eLFmrwaA,_Pvu1599vFU
vu6eLFmrwaA,jK5Mh6d9HiE
vu6eLFmrwaA,CnCFj4o_e9Q
vu6eLFmrwaA,LHgp0w8wV78
vu6eLFmrwaA,hVPDals5HDE
vu6eLFmrwaA,mzfVimVbguQ
vu6eLFmrwaA,mb5wV4AqXso
YGnJyipLKrM,_Pvu1599vFU
YGnJyipLKrM,jK5Mh6d9HiE
YGnJyipLKrM,CnCFj4o_e9Q
YGnJyipLKrM,LHgp0w8wV78
YGnJyipLKrM,hVPDals5HDE
YGnJyipLKrM,mzfVimVbguQ
YGnJyipLKrM,mb5wV4AqXso
_Pvu1599vFU,jK5Mh6d9HiE
_Pvu1599vFU,CnCFj4o_e9Q
_Pvu1599vFU,LHgp0w8wV78
_Pvu1599vFU,hVPDals5HDE
_Pvu1599vFU,mzfVimVbguQ
_Pvu1599vFU,mb5wV4AqXso
jK5Mh6d9HiE,CnCFj4o_e9Q
jK5Mh6d9HiE,LHgp0w8wV78
jK5Mh6d9HiE,hVPDals5HDE
jK5Mh6d9HiE,mzfVimVbguQ
jK5Mh6d9HiE,mb5wV4AqXso
CnCFj4o_e9Q,LHgp0w8wV78
CnCFj4o_e9Q,hVPDals5HDE
CnCFj4o_e9Q,mzfVimVbguQ
CnCFj4o_e9Q,mb5wV4AqXso
LHgp0w8wV78,hVPDals5HDE
LHgp0w8wV78,mzfVimVbguQ
LHgp0w8wV78,mb5wV4AqXso
hVPDals5HDE,mzfVimVbguQ
hVPDals5HDE,mb5wV4AqXso
mzfVimVbguQ,mb5wV4AqXso
m31K9yGf_fQ,ZUPE7YEaXbk
m31K9yGf_fQ,a5n8TMNbyrg
m31K9yGf_fQ,7P53AOKtVdQ
m31K9yGf_fQ,OC7wDFnCimw
m31K9yGf_fQ,eskFflL7Ny0
m31K9yGf_fQ,QmoD_ELFMgo
m31K9yGf_fQ,myr_VzA3tS8
m31K9yGf_fQ,wb6kEUGV7TA
m31K9yGf_fQ,xZk8qwG0AM8
m31K9yGf_fQ,c1Ou_yqXjoo
ZUPE7YEaXbk,a5n8TMNbyrg
ZUPE7YEaXbk,7P53AOKtVdQ
ZUPE7YEaXbk,OC7wDFnCimw
ZUPE7YEaXbk,eskFflL7Ny0
ZUPE7YEaXbk,QmoD_ELFMgo
ZUPE7YEaXbk,myr_VzA3tS8
ZUPE7YEaXbk,wb6kEUGV7TA
ZUPE7YEaXbk,xZk8qwG0AM8
ZUPE7YEaXbk,c1Ou_yqXjoo
a5n8TMNbyrg,7P53AOKtVdQ
a5n8TMNbyrg,OC7wDFnCimw
a5n8TMNbyrg,eskFflL7Ny0
a5n8TMNbyrg,QmoD_ELFMgo
a5n8TMNbyrg,myr_VzA3tS8
a5n8TMNbyrg,wb6kEUGV7TA
a5n8TMNbyrg,xZk8qwG0AM8
a5n8TMNbyrg,c1Ou_yqXjoo
7P53AOKtVdQ,OC7wDFnCimw
7P53AOKtVdQ,eskFflL7Ny0
7P53AOKtVdQ,QmoD_ELFMgo
7P53AOKtVdQ,myr_VzA3tS8
7P53AOKtVdQ,wb6kEUGV7TA
7P53AOKtVdQ,xZk8qwG0AM8
7P53AOKtVdQ,c1Ou_yqXjoo
OC7wDFnCimw,eskFflL7Ny0
OC7wDFnCimw,QmoD_ELFMgo
OC7wDFnCimw,myr_VzA3tS8
OC7wDFnCimw,wb6kEUGV7TA
OC7wDFnCimw,xZk8qwG0AM8
OC7wDFnCimw,c1Ou_yqXjoo
eskFflL7Ny0,QmoD_ELFMgo
eskFflL7Ny0,myr_VzA3tS8
eskFflL7Ny0,wb6kEUGV7TA
eskFflL7Ny0,xZk8qwG0AM8
eskFflL7Ny0,c1Ou_yqXjoo
QmoD_ELFMgo,myr_VzA3tS8
QmoD_ELFMgo,wb6kEUGV7TA
QmoD_ELFMgo,xZk8qwG0AM8
QmoD_ELFMgo,c1Ou_yqXjoo
myr_VzA3tS8,wb6kEUGV7TA
myr_VzA3tS8,xZk8qwG0AM8
myr_VzA3tS8,c1Ou_yqXjoo
wb6kEUGV7TA,xZk8qwG0AM8
wb6kEUGV7TA,c1Ou_yqXjoo
xZk8qwG0AM8,c1Ou_yqXjoo
jI_D3Bzf0u4,IqdSdbxrTsY
jI_D3Bzf0u4,kJBW4Lhz5f4
jI_D3Bzf0u4,qN3g4f2_Xas
jI_D3Bzf0u4,nKGjVQWPf4w
jI_D3Bzf0u4,U8fLEJREP44
jI_D3Bzf0u4,TfkPs9VvPrY
jI_D3Bzf0u4,uyDUmW2ormk
jI_D3Bzf0u4,TrlqZ_cIKhw
jI_D3Bzf0u4,Q7pb3EectLo
jI_D3Bzf0u4,KTySRjpj2ss
IqdSdbxrTsY,kJBW4Lhz5f4
IqdSdbxrTsY,qN3g4f2_Xas
IqdSdbxrTsY,nKGjVQWPf4w
IqdSdbxrTsY,U8fLEJREP44
IqdSdbxrTsY,TfkPs9VvPrY
IqdSdbxrTsY,uyDUmW2ormk
IqdSdbxrTsY,TrlqZ_cIKhw
IqdSdbxrTsY,Q7pb3EectLo
IqdSdbxrTsY,KTySRjpj2ss
kJBW4Lhz5f4,qN3g4f2_Xas
kJBW4Lhz5f4,nKGjVQWPf4w
kJBW4Lhz5f4,U8fLEJREP44
kJBW4Lhz5f4,TfkPs9VvPrY
kJBW4Lhz5f4,uyDUmW2ormk
kJBW4Lhz5f4,TrlqZ_cIKhw
kJBW4Lhz5f4,Q7pb3EectLo
kJBW4Lhz5f4,KTySRjpj2ss
qN3g4f2_Xas,nKGjVQWPf4w
qN3g4f2_Xas,U8fLEJREP44
qN3g4f2_Xas,TfkPs9VvPrY
qN3g4f2_Xas,uyDUmW2ormk
qN3g4f2_Xas,TrlqZ_cIKhw
qN3g4f2_Xas,Q7pb3EectLo
qN3g4f2_Xas,KTySRjpj2ss
nKGjVQWPf4w,U8fLEJREP44
nKGjVQWPf4w,TfkPs9VvPrY
nKGjVQWPf4w,uyDUmW2ormk
nKGjVQWPf4w,TrlqZ_cIKhw
nKGjVQWPf4w,Q7pb3EectLo
nKGjVQWPf4w,KTySRjpj2ss
U8fLEJREP44,TfkPs9VvPrY
U8fLEJREP44,uyDUmW2ormk
U8fLEJREP44,TrlqZ_cIKhw
U8fLEJREP44,Q7pb3EectLo
U8fLEJREP44,KTySRjpj2ss
TfkPs9VvPrY,uyDUmW2ormk
TfkPs9VvPrY,TrlqZ_cIKhw
TfkPs9VvPrY,Q7pb3EectLo
TfkPs9VvPrY,KTySRjpj2ss
uyDUmW2ormk,TrlqZ_cIKhw
uyDUmW2ormk,Q7pb3EectLo
uyDUmW2ormk,KTySRjpj2ss
TrlqZ_cIKhw,Q7pb3EectLo
TrlqZ_cIKhw,KTySRjpj2ss
Q7pb3EectLo,KTySRjpj2ss
tnOOiSjTI8I,ag4OdO6q5uc
tnOOiSjTI8I,WnTQTSvpmOs
tnOOiSjTI8I,jBUfYN5plOY
tnOOiSjTI8I,qAIpx8vKqPw
ag4OdO6q5uc,WnTQTSvpmOs
ag4OdO6q5uc,jBUfYN5plOY
ag4OdO6q5uc,qAIpx8vKqPw
WnTQTSvpmOs,jBUfYN5plOY
WnTQTSvpmOs,qAIpx8vKqPw
jBUfYN5plOY,qAIpx8vKqPw
pnunzdvezto,9aZ9k_JjYGY
pnunzdvezto,RR6Ben6qVnE
pnunzdvezto,LRGpZI_qPSk
pnunzdvezto,wbp5DDSCrUw
9aZ9k_JjYGY,RR6Ben6qVnE
9aZ9k_JjYGY,LRGpZI_qPSk
9aZ9k_JjYGY,wbp5DDSCrUw
RR6Ben6qVnE,LRGpZI_qPSk
RR6Ben6qVnE,wbp5DDSCrUw
LRGpZI_qPSk,wbp5DDSCrUw
gv1SKCt0vnc,8vRZi05VE3Q
gv1SKCt0vnc,x8s2jJGCT8M
gv1SKCt0vnc,Yamz14tjcxQ
gv1SKCt0vnc,iEPU99cTzXo
gv1SKCt0vnc,2Wm_zTKWw3U
gv1SKCt0vnc,wi7T8rP2zMM
gv1SKCt0vnc,0lBdSoKh5L4
gv1SKCt0vnc,8XAvd2Ey2mQ
gv1SKCt0vnc,z2oM0ct9kuc
8vRZi05VE3Q,x8s2jJGCT8M
8vRZi05VE3Q,Yamz14tjcxQ
8vRZi05VE3Q,iEPU99cTzXo
8vRZi05VE3Q,2Wm_zTKWw3U
8vRZi05VE3Q,wi7T8rP2zMM
8vRZi05VE3Q,0lBdSoKh5L4
8vRZi05VE3Q,8XAvd2Ey2mQ
8vRZi05VE3Q,z2oM0ct9kuc
x8s2jJGCT8M,Yamz14tjcxQ
x8s2jJGCT8M,iEPU99cTzXo
x8s2jJGCT8M,2Wm_zTKWw3U
x8s2jJGCT8M,wi7T8rP2zMM
x8s2jJGCT8M,0lBdSoKh5L4
x8s2jJGCT8M,8XAvd2Ey2mQ
x8s2jJGCT8M,z2oM0ct9kuc
Yamz14tjcxQ,iEPU99cTzXo
Yamz14tjcxQ,2Wm_zTKWw3U
Yamz14tjcxQ,wi7T8rP2zMM
Yamz14tjcxQ,0lBdSoKh5L4
Yamz14tjcxQ,8XAvd2Ey2mQ
Yamz14tjcxQ,z2oM0ct9kuc
iEPU99cTzXo,2Wm_zTKWw3U
iEPU99cTzXo,wi7T8rP2zMM
iEPU99cTzXo,0lBdSoKh5L4
iEPU99cTzXo,8XAvd2Ey2mQ
iEPU99cTzXo,z2oM0ct9kuc
2Wm_zTKWw3U,wi7T8rP2zMM
2Wm_zTKWw3U,0lBdSoKh5L4
2Wm_zTKWw3U,8XAvd2Ey2mQ
2Wm_zTKWw3U,z2oM0ct9kuc
wi7T8rP2zMM,0lBdSoKh5L4
wi7T8rP2zMM,8XAvd2Ey2mQ
wi7T8rP2zMM,z2oM0ct9kuc
0lBdSoKh5L4,8XAvd2Ey2mQ
0lBdSoKh5L4,z2oM0ct9kuc
8XAvd2Ey2mQ,z2oM0ct9kuc
EbNJ05EVXs0,a6NJQ3AMcdo
EbNJ05EVXs0,4N14CdtvzqM
EbNJ05EVXs0,buhZRdH58W0
EbNJ05EVXs0,G3OwDpYTJPE
EbNJ05EVXs0,uZlSDHHyzoQ
EbNJ05EVXs0,Bwo2oD8cu68
EbNJ05EVXs0,FKA794QD2fI
a6NJQ3AMcdo,4N14CdtvzqM
a6NJQ3AMcdo,buhZRdH58W0
a6NJQ3AMcdo,G3OwDpYTJPE
a6NJQ3AMcdo,uZlSDHHyzoQ
a6NJQ3AMcdo,Bwo2oD8cu68
a6NJQ3AMcdo,FKA794QD2fI
4N14CdtvzqM,buhZRdH58W0
4N14CdtvzqM,G3OwDpYTJPE
4N14CdtvzqM,uZlSDHHyzoQ
4N14CdtvzqM,Bwo2oD8cu68
4N14CdtvzqM,FKA794QD2fI
buhZRdH58W0,G3OwDpYTJPE
buhZRdH58W0,uZlSDHHyzoQ
buhZRdH58W0,Bwo2oD8cu68
buhZRdH58W0,FKA794QD2fI
G3OwDpYTJPE,uZlSDHHyzoQ
G3OwDpYTJPE,Bwo2oD8cu68
G3OwDpYTJPE,FKA794QD2fI
uZlSDHHyzoQ,Bwo2oD8cu68
uZlSDHHyzoQ,FKA794QD2fI
Bwo2oD8cu68,FKA794QD2fI
sCmsrSBJT8A,Rzl13ESnVWY
sCmsrSBJT8A,OU3jI8j7Ozw
sCmsrSBJT8A,g28LSN0cCfw
sCmsrSBJT8A,GE1YyJ4A_7w
sCmsrSBJT8A,8PKHtRE2um0
sCmsrSBJT8A,ILyRgG9Rs0U
sCmsrSBJT8A,Nf08BQbZHMQ
sCmsrSBJT8A,oCL8hrh95Uc
sCmsrSBJT8A,63M6vaCXQ3c
sCmsrSBJT8A,WdqdebPmPuQ
Rzl13ESnVWY,OU3jI8j7Ozw
Rzl13ESnVWY,g28LSN0cCfw
Rzl13ESnVWY,GE1YyJ4A_7w
Rzl13ESnVWY,8PKHtRE2um0
Rzl13ESnVWY,ILyRgG9Rs0U
Rzl13ESnVWY,Nf08BQbZHMQ
Rzl13ESnVWY,oCL8hrh95Uc
Rzl13ESnVWY,63M6vaCXQ3c
Rzl13ESnVWY,WdqdebPmPuQ
OU3jI8j7Ozw,g28LSN0cCfw
OU3jI8j7Ozw,GE1YyJ4A_7w
OU3jI8j7Ozw,8PKHtRE2um0
OU3jI8j7Ozw,ILyRgG9Rs0U
OU3jI8j7Ozw,Nf08BQbZHMQ
OU3jI8j7Ozw,oCL8hrh95Uc
OU3jI8j7Ozw,63M6vaCXQ3c
OU3jI8j7Ozw,WdqdebPmPuQ
g28LSN0cCfw,GE1YyJ4A_7w
g28LSN0cCfw,8PKHtRE2um0
g28LSN0cCfw,ILyRgG9Rs0U
g28LSN0cCfw,Nf08BQbZHMQ
g28LSN0cCfw,oCL8hrh95Uc
g28LSN0cCfw,63M6vaCXQ3c
g28LSN0cCfw,WdqdebPmPuQ
GE1YyJ4A_7w,8PKHtRE2um0
GE1YyJ4A_7w,ILyRgG9Rs0U
GE1YyJ4A_7w,Nf08BQbZHMQ
GE1YyJ4A_7w,oCL8hrh95Uc
GE1YyJ4A_7w,63M6vaCXQ3c
GE1YyJ4A_7w,WdqdebPmPuQ
8PKHtRE2um0,ILyRgG9Rs0U
8PKHtRE2um0,Nf08BQbZHMQ
8PKHtRE2um0,oCL8hrh95Uc
8PKHtRE2um0,63M6vaCXQ3c
8PKHtRE2um0,WdqdebPmPuQ
ILyRgG9Rs0U,Nf08BQbZHMQ
ILyRgG9Rs0U,oCL8hrh95Uc
ILyRgG9Rs0U,63M6vaCXQ3c
ILyRgG9Rs0U,WdqdebPmPuQ
Nf08BQbZHMQ,oCL8hrh95Uc
Nf08BQbZHMQ,63M6vaCXQ3c
Nf08BQbZHMQ,WdqdebPmPuQ
oCL8hrh95Uc,63M6vaCXQ3c
oCL8hrh95Uc,WdqdebPmPuQ
63M6vaCXQ3c,WdqdebPmPuQ
WHWEHwcSI8E,1vvOgSqDKpE
WHWEHwcSI8E,YZ_z2mE_6Vs
1vvOgSqDKpE,YZ_z2mE_6Vs
yxnbvS2t_QA,1qOMlqE6LhU
yxnbvS2t_QA,g6ZCpS7Farc
yxnbvS2t_QA,8BHpKzahwPM
yxnbvS2t_QA,bpB2rLqiiJU
yxnbvS2t_QA,6WLwtYLeaoM
yxnbvS2t_QA,TkCYBNUCpnA
yxnbvS2t_QA,GpK36dizqEM
1qOMlqE6LhU,g6ZCpS7Farc
1qOMlqE6LhU,8BHpKzahwPM
1qOMlqE6LhU,bpB2rLqiiJU
1qOMlqE6LhU,6WLwtYLeaoM
1qOMlqE6LhU,TkCYBNUCpnA
1qOMlqE6LhU,GpK36dizqEM
g6ZCpS7Farc,8BHpKzahwPM
g6ZCpS7Farc,bpB2rLqiiJU
g6ZCpS7Farc,6WLwtYLeaoM
g6ZCpS7Farc,TkCYBNUCpnA
g6ZCpS7Farc,GpK36dizqEM
8BHpKzahwPM,bpB2rLqiiJU
8BHpKzahwPM,6WLwtYLeaoM
8BHpKzahwPM,TkCYBNUCpnA
8BHpKzahwPM,GpK36dizqEM
bpB2rLqiiJU,6WLwtYLeaoM
bpB2rLqiiJU,TkCYBNUCpnA
bpB2rLqiiJU,GpK36dizqEM
6WLwtYLeaoM,TkCYBNUCpnA
6WLwtYLeaoM,GpK36dizqEM
TkCYBNUCpnA,GpK36dizqEM
EUzsy3W4I0g,nc1yivH1Yac
EUzsy3W4I0g,Qab0d7rwWhI
EUzsy3W4I0g,pGSwasYOv0o
nc1yivH1Yac,Qab0d7rwWhI
nc1yivH1Yac,pGSwasYOv0o
Qab0d7rwWhI,pGSwasYOv0o
dkAr9ThdSUU,QbczPuEphUY
dkAr9ThdSUU,fMJl01wbmWE
dkAr9ThdSUU,Xg7BhVHXqLo
dkAr9ThdSUU,93PD9CqcZTg
dkAr9ThdSUU,cJ7hmwHVwtc
dkAr9ThdSUU,FJNAokhimfg
dkAr9ThdSUU,BKkpEjbD8xM
dkAr9ThdSUU,tPcTenIPQm4
dkAr9ThdSUU,iMJ1qWKmZXE
dkAr9ThdSUU,lECb8emmN0M
dkAr9ThdSUU,cOpYHlqis3o
dkAr9ThdSUU,TbRVJKDC1rM
QbczPuEphUY,fMJl01wbmWE
QbczPuEphUY,Xg7BhVHXqLo
QbczPuEphUY,93PD9CqcZTg
QbczPuEphUY,cJ7hmwHVwtc
QbczPuEphUY,FJNAokhimfg
QbczPuEphUY,BKkpEjbD8xM
QbczPuEphUY,tPcTenIPQm4
QbczPuEphUY,iMJ1qWKmZXE
QbczPuEphUY,lECb8emmN0M
QbczPuEphUY,cOpYHlqis3o
QbczPuEphUY,TbRVJKDC1rM
fMJl01wbmWE,Xg7BhVHXqLo
fMJl01wbmWE,93PD9CqcZTg
fMJl01wbmWE,cJ7hmwHVwtc
fMJl01wbmWE,FJNAokhimfg
fMJl01wbmWE,BKkpEjbD8xM
fMJl01wbmWE,tPcTenIPQm4
fMJl01wbmWE,iMJ1qWKmZXE
fMJl01wbmWE,lECb8emmN0M
fMJl01wbmWE,cOpYHlqis3o
fMJl01wbmWE,TbRVJKDC1rM
Xg7BhVHXqLo,93PD9CqcZTg
Xg7BhVHXqLo,cJ7hmwHVwtc
Xg7BhVHXqLo,FJNAokhimfg
Xg7BhVHXqLo,BKkpEjbD8xM
Xg7BhVHXqLo,tPcTenIPQm4
Xg7BhVHXqLo,iMJ1qWKmZXE
Xg7BhVHXqLo,lECb8emmN0M
Xg7BhVHXqLo,cOpYHlqis3o
Xg7BhVHXqLo,TbRVJKDC1rM
93PD9CqcZTg,cJ7hmwHVwtc
93PD9CqcZTg,FJNAokhimfg
93PD9CqcZTg,BKkpEjbD8xM
93PD9CqcZTg,tPcTenIPQm4
93PD9CqcZTg,iMJ1qWKmZXE
93PD9CqcZTg,lECb8emmN0M
93PD9CqcZTg,cOpYHlqis3o
93PD9CqcZTg,TbRVJKDC1rM
cJ7hmwHVwtc,FJNAokhimfg
cJ7hmwHVwtc,BKkpEjbD8xM
cJ7hmwHVwtc,tPcTenIPQm4
cJ7hmwHVwtc,iMJ1qWKmZXE
cJ7hmwHVwtc,lECb8emmN0M
cJ7hmwHVwtc,cOpYHlqis3o
cJ7hmwHVwtc,TbRVJKDC1rM
FJNAokhimfg,BKkpEjbD8xM
FJNAokhimfg,tPcTenIPQm4
FJNAokhimfg,iMJ1qWKmZXE
FJNAokhimfg,lECb8emmN0M
FJNAokhimfg,cOpYHlqis3o
FJNAokhimfg,TbRVJKDC1rM
BKkpEjbD8xM,tPcTenIPQm4
BKkpEjbD8xM,iMJ1qWKmZXE
BKkpEjbD8xM,lECb8emmN0M
BKkpEjbD8xM,cOpYHlqis3o
BKkpEjbD8xM,TbRVJKDC1rM
tPcTenIPQm4,iMJ1qWKmZXE
tPcTenIPQm4,lECb8emmN0M
tPcTenIPQm4,cOpYHlqis3o
tPcTenIPQm4,TbRVJKDC1rM
iMJ1qWKmZXE,lECb8emmN0M
iMJ1qWKmZXE,cOpYHlqis3o
iMJ1qWKmZXE,TbRVJKDC1rM
lECb8emmN0M,cOpYHlqis3o
lECb8emmN0M,TbRVJKDC1rM
cOpYHlqis3o,TbRVJKDC1rM
QEtWL4lWlL4,omuyzDmNaf4
QEtWL4lWlL4,cP1fN6xf3nI
QEtWL4lWlL4,ELp9ytLjupE
QEtWL4lWlL4,TNIaPKDu678
QEtWL4lWlL4,OAOGY8wZOjI
QEtWL4lWlL4,vS0khTah3zU
QEtWL4lWlL4,xKJjyn8DaAw
QEtWL4lWlL4,8NcBcsIdPSA
omuyzDmNaf4,cP1fN6xf3nI
omuyzDmNaf4,ELp9ytLjupE
omuyzDmNaf4,TNIaPKDu678
omuyzDmNaf4,OAOGY8wZOjI
omuyzDmNaf4,vS0khTah3zU
omuyzDmNaf4,xKJjyn8DaAw
omuyzDmNaf4,8NcBcsIdPSA
cP1fN6xf3nI,ELp9ytLjupE
cP1fN6xf3nI,TNIaPKDu678
cP1fN6xf3nI,OAOGY8wZOjI
cP1fN6xf3nI,vS0khTah3zU
cP1fN6xf3nI,xKJjyn8DaAw
cP1fN6xf3nI,8NcBcsIdPSA
ELp9ytLjupE,TNIaPKDu678
ELp9ytLjupE,OAOGY8wZOjI
ELp9ytLjupE,vS0khTah3zU
ELp9ytLjupE,xKJjyn8DaAw
ELp9ytLjupE,8NcBcsIdPSA
TNIaPKDu678,OAOGY8wZOjI
TNIaPKDu678,vS0khTah3zU
TNIaPKDu678,xKJjyn8DaAw
TNIaPKDu678,8NcBcsIdPSA
OAOGY8wZOjI,vS0khTah3zU
OAOGY8wZOjI,xKJjyn8DaAw
OAOGY8wZOjI,8NcBcsIdPSA
vS0khTah3zU,xKJjyn8DaAw
vS0khTah3zU,8NcBcsIdPSA
xKJjyn8DaAw,8NcBcsIdPSA
TiwvPlTSqss,ajdPLgNSAgk
TiwvPlTSqss,FLg6PIIs6ko
TiwvPlTSqss,ATsAl_t52xY
TiwvPlTSqss,E7RMU8kqyd4
TiwvPlTSqss,8z4zUjsZZrs
TiwvPlTSqss,wuQIHnLr30w
TiwvPlTSqss,mTQ6pZB62Lg
TiwvPlTSqss,KiA8BnstHLQ
ajdPLgNSAgk,FLg6PIIs6ko
ajdPLgNSAgk,ATsAl_t52xY
ajdPLgNSAgk,E7RMU8kqyd4
ajdPLgNSAgk,8z4zUjsZZrs
ajdPLgNSAgk,wuQIHnLr30w
ajdPLgNSAgk,mTQ6pZB62Lg
ajdPLgNSAgk,KiA8BnstHLQ
FLg6PIIs6ko,ATsAl_t52xY
FLg6PIIs6ko,E7RMU8kqyd4
FLg6PIIs6ko,8z4zUjsZZrs
FLg6PIIs6ko,wuQIHnLr30w
FLg6PIIs6ko,mTQ6pZB62Lg
FLg6PIIs6ko,KiA8BnstHLQ
ATsAl_t52xY,E7RMU8kqyd4
ATsAl_t52xY,8z4zUjsZZrs
ATsAl_t52xY,wuQIHnLr30w
ATsAl_t52xY,mTQ6pZB62Lg
ATsAl_t52xY,KiA8BnstHLQ
E7RMU8kqyd4,8z4zUjsZZrs
E7RMU8kqyd4,wuQIHnLr30w
E7RMU8kqyd4,mTQ6pZB62Lg
E7RMU8kqyd4,KiA8BnstHLQ
8z4zUjsZZrs,wuQIHnLr30w
8z4zUjsZZrs,mTQ6pZB62Lg
8z4zUjsZZrs,KiA8BnstHLQ
wuQIHnLr30w,mTQ6pZB62Lg
wuQIHnLr30w,KiA8BnstHLQ
mTQ6pZB62Lg,KiA8BnstHLQ
ACTFY2k4Fhk,vlFdVYAXIxg
frDyLjZva9M,SP5JZXBIQ9c
frDyLjZva9M,Q7hlcuCGbxE
frDyLjZva9M,ZPQqmocI2kI
frDyLjZva9M,zkqH74k1fjY
SP5JZXBIQ9c,Q7hlcuCGbxE
SP5JZXBIQ9c,ZPQqmocI2kI
SP5JZXBIQ9c,zkqH74k1fjY
Q7hlcuCGbxE,ZPQqmocI2kI
Q7hlcuCGbxE,zkqH74k1fjY
ZPQqmocI2kI,zkqH74k1fjY
gbOc1Hw5Ifc,7aQgQGeZ_qo
gbOc1Hw5Ifc,1eUVC4bI7QE
gbOc1Hw5Ifc,2idtvCcOna8
gbOc1Hw5Ifc,dgyPeFemyL8
gbOc1Hw5Ifc,wfvg4rE7WpM
gbOc1Hw5Ifc,ThnCx4MTVNw
7aQgQGeZ_qo,1eUVC4bI7QE
7aQgQGeZ_qo,2idtvCcOna8
7aQgQGeZ_qo,dgyPeFemyL8
7aQgQGeZ_qo,wfvg4rE7WpM
7aQgQGeZ_qo,ThnCx4MTVNw
1eUVC4bI7QE,2idtvCcOna8
1eUVC4bI7QE,dgyPeFemyL8
1eUVC4bI7QE,wfvg4rE7WpM
1eUVC4bI7QE,ThnCx4MTVNw
2idtvCcOna8,dgyPeFemyL8
2idtvCcOna8,wfvg4rE7WpM
2idtvCcOna8,ThnCx4MTVNw
dgyPeFemyL8,wfvg4rE7WpM
dgyPeFemyL8,ThnCx4MTVNw
wfvg4rE7WpM,ThnCx4MTVNw
LiSEdc9RpLU,AMWwXjiTCRs
LiSEdc9RpLU,VIQCMDouxKo
LiSEdc9RpLU,X0oVLO5huc0
LiSEdc9RpLU,t7d2pbLidqU
LiSEdc9RpLU,TdtFxXo2zpg
LiSEdc9RpLU,mZr0StOMam4
LiSEdc9RpLU,K6SqhPqL6fY
LiSEdc9RpLU,MPoMnU2aGhk
AMWwXjiTCRs,VIQCMDouxKo
AMWwXjiTCRs,X0oVLO5huc0
AMWwXjiTCRs,t7d2pbLidqU
AMWwXjiTCRs,TdtFxXo2zpg
AMWwXjiTCRs,mZr0StOMam4
AMWwXjiTCRs,K6SqhPqL6fY
AMWwXjiTCRs,MPoMnU2aGhk
VIQCMDouxKo,X0oVLO5huc0
VIQCMDouxKo,t7d2pbLidqU
VIQCMDouxKo,TdtFxXo2zpg
VIQCMDouxKo,mZr0StOMam4
VIQCMDouxKo,K6SqhPqL6fY
VIQCMDouxKo,MPoMnU2aGhk
X0oVLO5huc0,t7d2pbLidqU
X0oVLO5huc0,TdtFxXo2zpg
X0oVLO5huc0,mZr0StOMam4
X0oVLO5huc0,K6SqhPqL6fY
X0oVLO5huc0,MPoMnU2aGhk
t7d2pbLidqU,TdtFxXo2zpg
t7d2pbLidqU,mZr0StOMam4
t7d2pbLidqU,K6SqhPqL6fY
t7d2pbLidqU,MPoMnU2aGhk
TdtFxXo2zpg,mZr0StOMam4
TdtFxXo2zpg,K6SqhPqL6fY
TdtFxXo2zpg,MPoMnU2aGhk
mZr0StOMam4,K6SqhPqL6fY
mZr0StOMam4,MPoMnU2aGhk
K6SqhPqL6fY,MPoMnU2aGhk
sG6WGvzmVaw,hjVNKeVdKcs
sG6WGvzmVaw,ifgs0uypC78
sG6WGvzmVaw,lmXil72qCiQ
sG6WGvzmVaw,DU7IZMciHJE
sG6WGvzmVaw,sx0UPzztC5o
sG6WGvzmVaw,vWU1Ct271vQ
sG6WGvzmVaw,QhKIaK4ReUA
sG6WGvzmVaw,H00_PVX2bRw
sG6WGvzmVaw,EO4B_ykP8f8
sG6WGvzmVaw,KHGxigA8Jko
hjVNKeVdKcs,ifgs0uypC78
hjVNKeVdKcs,lmXil72qCiQ
hjVNKeVdKcs,DU7IZMciHJE
hjVNKeVdKcs,sx0UPzztC5o
hjVNKeVdKcs,vWU1Ct271vQ
hjVNKeVdKcs,QhKIaK4ReUA
hjVNKeVdKcs,H00_PVX2bRw
hjVNKeVdKcs,EO4B_ykP8f8
hjVNKeVdKcs,KHGxigA8Jko
ifgs0uypC78,lmXil72qCiQ
ifgs0uypC78,DU7IZMciHJE
ifgs0uypC78,sx0UPzztC5o
ifgs0uypC78,vWU1Ct271vQ
ifgs0uypC78,QhKIaK4ReUA
ifgs0uypC78,H00_PVX2bRw
ifgs0uypC78,EO4B_ykP8f8
ifgs0uypC78,KHGxigA8Jko
lmXil72qCiQ,DU7IZMciHJE
lmXil72qCiQ,sx0UPzztC5o
lmXil72qCiQ,vWU1Ct271vQ
lmXil72qCiQ,QhKIaK4ReUA
lmXil72qCiQ,H00_PVX2bRw
lmXil72qCiQ,EO4B_ykP8f8
lmXil72qCiQ,KHGxigA8Jko
DU7IZMciHJE,sx0UPzztC5o
DU7IZMciHJE,vWU1Ct271vQ
DU7IZMciHJE,QhKIaK4ReUA
DU7IZMciHJE,H00_PVX2bRw
DU7IZMciHJE,EO4B_ykP8f8
DU7IZMciHJE,KHGxigA8Jko
sx0UPzztC5o,vWU1Ct271vQ
sx0UPzztC5o,QhKIaK4ReUA
sx0UPzztC5o,H00_PVX2bRw
sx0UPzztC5o,EO4B_ykP8f8
sx0UPzztC5o,KHGxigA8Jko
vWU1Ct271vQ,QhKIaK4ReUA
vWU1Ct271vQ,H00_PVX2bRw
vWU1Ct271vQ,EO4B_ykP8f8
vWU1Ct271vQ,KHGxigA8Jko
QhKIaK4ReUA,H00_PVX2bRw
QhKIaK4ReUA,EO4B_ykP8f8
QhKIaK4ReUA,KHGxigA8Jko
H00_PVX2bRw,EO4B_ykP8f8
H00_PVX2bRw,KHGxigA8Jko
EO4B_ykP8f8,KHGxigA8Jko
4kPPSWdKTBw,Y3z_ywZlPkg
4kPPSWdKTBw,20J8lr0M1EY
4kPPSWdKTBw,eGopmXP7j5A
4kPPSWdKTBw,_ffzSGKgJcE
4kPPSWdKTBw,FACJs5M1ypQ
4kPPSWdKTBw,o4YvZfDjKRo
4kPPSWdKTBw,HNtNeyOVh38
4kPPSWdKTBw,0XJPzek__nw
4kPPSWdKTBw,wkYnrTADrWI
4kPPSWdKTBw,ZfB5I0wmu1s
4kPPSWdKTBw,SDllHfhXZmQ
4kPPSWdKTBw,DNaJV4wqeWI
Y3z_ywZlPkg,20J8lr0M1EY
Y3z_ywZlPkg,eGopmXP7j5A
Y3z_ywZlPkg,_ffzSGKgJcE
Y3z_ywZlPkg,FACJs5M1ypQ
Y3z_ywZlPkg,o4YvZfDjKRo
Y3z_ywZlPkg,HNtNeyOVh38
Y3z_ywZlPkg,0XJPzek__nw
Y3z_ywZlPkg,wkYnrTADrWI
Y3z_ywZlPkg,ZfB5I0wmu1s
Y3z_ywZlPkg,SDllHfhXZmQ
Y3z_ywZlPkg,DNaJV4wqeWI
20J8lr0M1EY,eGopmXP7j5A
20J8lr0M1EY,_ffzSGKgJcE
20J8lr0M1EY,FACJs5M1ypQ
20J8lr0M1EY,o4YvZfDjKRo
20J8lr0M1EY,HNtNeyOVh38
20J8lr0M1EY,0XJPzek__nw
20J8lr0M1EY,wkYnrTADrWI
20J8lr0M1EY,ZfB5I0wmu1s
20J8lr0M1EY,SDllHfhXZmQ
20J8lr0M1EY,DNaJV4wqeWI
eGopmXP7j5A,_ffzSGKgJcE
eGopmXP7j5A,FACJs5M1ypQ
eGopmXP7j5A,o4YvZfDjKRo
eGopmXP7j5A,HNtNeyOVh38
eGopmXP7j5A,0XJPzek__nw
eGopmXP7j5A,wkYnrTADrWI
eGopmXP7j5A,ZfB5I0wmu1s
eGopmXP7j5A,SDllHfhXZmQ
eGopmXP7j5A,DNaJV4wqeWI
_ffzSGKgJcE,FACJs5M1ypQ
_ffzSGKgJcE,o4YvZfDjKRo
_ffzSGKgJcE,HNtNeyOVh38
_ffzSGKgJcE,0XJPzek__nw
_ffzSGKgJcE,wkYnrTADrWI
_ffzSGKgJcE,ZfB5I0wmu1s
_ffzSGKgJcE,SDllHfhXZmQ
_ffzSGKgJcE,DNaJV4wqeWI
FACJs5M1ypQ,o4YvZfDjKRo
FACJs5M1ypQ,HNtNeyOVh38
FACJs5M1ypQ,0XJPzek__nw
FACJs5M1ypQ,wkYnrTADrWI
FACJs5M1ypQ,ZfB5I0wmu1s
FACJs5M1ypQ,SDllHfhXZmQ
FACJs5M1ypQ,DNaJV4wqeWI
o4YvZfDjKRo,HNtNeyOVh38
o4YvZfDjKRo,0XJPzek__nw
o4YvZfDjKRo,wkYnrTADrWI
o4YvZfDjKRo,ZfB5I0wmu1s
o4YvZfDjKRo,SDllHfhXZmQ
o4YvZfDjKRo,DNaJV4wqeWI
HNtNeyOVh38,0XJPzek__nw
HNtNeyOVh38,wkYnrTADrWI
HNtNeyOVh38,ZfB5I0wmu1s
HNtNeyOVh38,SDllHfhXZmQ
HNtNeyOVh38,DNaJV4wqeWI
0XJPzek__nw,wkYnrTADrWI
0XJPzek__nw,ZfB5I0wmu1s
0XJPzek__nw,SDllHfhXZmQ
0XJPzek__nw,DNaJV4wqeWI
wkYnrTADrWI,ZfB5I0wmu1s
wkYnrTADrWI,SDllHfhXZmQ
wkYnrTADrWI,DNaJV4wqeWI
ZfB5I0wmu1s,SDllHfhXZmQ
ZfB5I0wmu1s,DNaJV4wqeWI
SDllHfhXZmQ,DNaJV4wqeWI
piuWSMLNeco,ceuXLsuZhLE
piuWSMLNeco,6CCwWCstDGc
piuWSMLNeco,UYv36HV3Sng
piuWSMLNeco,mAK9KklkRYY
piuWSMLNeco,VcO3ja6WS2E
piuWSMLNeco,3ye2OXj32DM
piuWSMLNeco,8s4b8mYCMAE
piuWSMLNeco,Zsr8kODwr08
piuWSMLNeco,ZKBLirP5jo8
ceuXLsuZhLE,6CCwWCstDGc
ceuXLsuZhLE,UYv36HV3Sng
ceuXLsuZhLE,mAK9KklkRYY
ceuXLsuZhLE,VcO3ja6WS2E
ceuXLsuZhLE,3ye2OXj32DM
ceuXLsuZhLE,8s4b8mYCMAE
ceuXLsuZhLE,Zsr8kODwr08
ceuXLsuZhLE,ZKBLirP5jo8
6CCwWCstDGc,UYv36HV3Sng
6CCwWCstDGc,mAK9KklkRYY
6CCwWCstDGc,VcO3ja6WS2E
6CCwWCstDGc,3ye2OXj32DM
6CCwWCstDGc,8s4b8mYCMAE
6CCwWCstDGc,Zsr8kODwr08
6CCwWCstDGc,ZKBLirP5jo8
UYv36HV3Sng,mAK9KklkRYY
UYv36HV3Sng,VcO3ja6WS2E
UYv36HV3Sng,3ye2OXj32DM
UYv36HV3Sng,8s4b8mYCMAE
UYv36HV3Sng,Zsr8kODwr08
UYv36HV3Sng,ZKBLirP5jo8
mAK9KklkRYY,VcO3ja6WS2E
mAK9KklkRYY,3ye2OXj32DM
mAK9KklkRYY,8s4b8mYCMAE
mAK9KklkRYY,Zsr8kODwr08
mAK9KklkRYY,ZKBLirP5jo8
VcO3ja6WS2E,3ye2OXj32DM
VcO3ja6WS2E,8s4b8mYCMAE
VcO3ja6WS2E,Zsr8kODwr08
VcO3ja6WS2E,ZKBLirP5jo8
3ye2OXj32DM,8s4b8mYCMAE
3ye2OXj32DM,Zsr8kODwr08
3ye2OXj32DM,ZKBLirP5jo8
8s4b8mYCMAE,Zsr8kODwr08
8s4b8mYCMAE,ZKBLirP5jo8
Zsr8kODwr08,ZKBLirP5jo8
FQWTa3XjyWg,oPVj17gB7gY
FQWTa3XjyWg,GH8yBBC9n3Y
FQWTa3XjyWg,kyCibTQQQBE
oPVj17gB7gY,GH8yBBC9n3Y
oPVj17gB7gY,kyCibTQQQBE
GH8yBBC9n3Y,kyCibTQQQBE
GzpaDTbXMiQ,CoBIpAZQYiA
GzpaDTbXMiQ,ujT6nt_hHEc
GzpaDTbXMiQ,0xVl2_qvj1I
GzpaDTbXMiQ,FO5XLAMh9E0
GzpaDTbXMiQ,ryKmxjqG_e0
GzpaDTbXMiQ,c59E5b0pcyw
GzpaDTbXMiQ,gmoC8xC4MGw
GzpaDTbXMiQ,qhRq627zvow
GzpaDTbXMiQ,8I5rpAhYk4Y
GzpaDTbXMiQ,bgHodJrPnAg
GzpaDTbXMiQ,1foc4sbmQb8
GzpaDTbXMiQ,S8qwzHUiRoE
GzpaDTbXMiQ,SgXOXg6gYHw
CoBIpAZQYiA,ujT6nt_hHEc
CoBIpAZQYiA,0xVl2_qvj1I
CoBIpAZQYiA,FO5XLAMh9E0
CoBIpAZQYiA,ryKmxjqG_e0
CoBIpAZQYiA,c59E5b0pcyw
CoBIpAZQYiA,gmoC8xC4MGw
CoBIpAZQYiA,qhRq627zvow
CoBIpAZQYiA,8I5rpAhYk4Y
CoBIpAZQYiA,bgHodJrPnAg
CoBIpAZQYiA,1foc4sbmQb8
CoBIpAZQYiA,S8qwzHUiRoE
CoBIpAZQYiA,SgXOXg6gYHw
ujT6nt_hHEc,0xVl2_qvj1I
ujT6nt_hHEc,FO5XLAMh9E0
ujT6nt_hHEc,ryKmxjqG_e0
ujT6nt_hHEc,c59E5b0pcyw
ujT6nt_hHEc,gmoC8xC4MGw
ujT6nt_hHEc,qhRq627zvow
ujT6nt_hHEc,8I5rpAhYk4Y
ujT6nt_hHEc,bgHodJrPnAg
ujT6nt_hHEc,1foc4sbmQb8
ujT6nt_hHEc,S8qwzHUiRoE
ujT6nt_hHEc,SgXOXg6gYHw
0xVl2_qvj1I,FO5XLAMh9E0
0xVl2_qvj1I,ryKmxjqG_e0
0xVl2_qvj1I,c59E5b0pcyw
0xVl2_qvj1I,gmoC8xC4MGw
0xVl2_qvj1I,qhRq627zvow
0xVl2_qvj1I,8I5rpAhYk4Y
0xVl2_qvj1I,bgHodJrPnAg
0xVl2_qvj1I,1foc4sbmQb8
0xVl2_qvj1I,S8qwzHUiRoE
0xVl2_qvj1I,SgXOXg6gYHw
FO5XLAMh9E0,ryKmxjqG_e0
FO5XLAMh9E0,c59E5b0pcyw
FO5XLAMh9E0,gmoC8xC4MGw
FO5XLAMh9E0,qhRq627zvow
FO5XLAMh9E0,8I5rpAhYk4Y
FO5XLAMh9E0,bgHodJrPnAg
FO5XLAMh9E0,1foc4sbmQb8
FO5XLAMh9E0,S8qwzHUiRoE
FO5XLAMh9E0,SgXOXg6gYHw
ryKmxjqG_e0,c59E5b0pcyw
ryKmxjqG_e0,gmoC8xC4MGw
ryKmxjqG_e0,qhRq627zvow
ryKmxjqG_e0,8I5rpAhYk4Y
ryKmxjqG_e0,bgHodJrPnAg
ryKmxjqG_e0,1foc4sbmQb8
ryKmxjqG_e0,S8qwzHUiRoE
ryKmxjqG_e0,SgXOXg6gYHw
c59E5b0pcyw,gmoC8xC4MGw
c59E5b0pcyw,qhRq627zvow
c59E5b0pcyw,8I5rpAhYk4Y
c59E5b0pcyw,bgHodJrPnAg
c59E5b0pcyw,1foc4sbmQb8
c59E5b0pcyw,S8qwzHUiRoE
c59E5b0pcyw,SgXOXg6gYHw
gmoC8xC4MGw,qhRq627zvow
gmoC8xC4MGw,8I5rpAhYk4Y
gmoC8xC4MGw,bgHodJrPnAg
gmoC8xC4MGw,1foc4sbmQb8
gmoC8xC4MGw,S8qwzHUiRoE
gmoC8xC4MGw,SgXOXg6gYHw
qhRq627zvow,8I5rpAhYk4Y
qhRq627zvow,bgHodJrPnAg
qhRq627zvow,1foc4sbmQb8
qhRq627zvow,S8qwzHUiRoE
qhRq627zvow,SgXOXg6gYHw
8I5rpAhYk4Y,bgHodJrPnAg
8I5rpAhYk4Y,1foc4sbmQb8
8I5rpAhYk4Y,S8qwzHUiRoE
8I5rpAhYk4Y,SgXOXg6gYHw
bgHodJrPnAg,1foc4sbmQb8
bgHodJrPnAg,S8qwzHUiRoE
bgHodJrPnAg,SgXOXg6gYHw
1foc4sbmQb8,S8qwzHUiRoE
1foc4sbmQb8,SgXOXg6gYHw
S8qwzHUiRoE,SgXOXg6gYHw
